{
	"add-field-type": [
        {
            "name":"itemNames",
            "class":"solr.TextField",
            "indexAnalyzer":{
                "tokenizer":{
                    "class":"solr.StandardTokenizerFactory"
                },
                "filters":[
                    {"class":"solr.ASCIIFoldingFilterFactory", "preserveOriginal":true},
                    {"class":"solr.LowerCaseFilterFactory"},
                    {"class":"solr.NGramTokenizerFactory", "minGramSize":3 ,"maxGramSize":8}
                ]
            },
            "queryAnalyzer":{
                "tokenizer":{
                    "class":"solr.StandardTokenizerFactory"
                },
                "filters":[
                    {"class":"solr.ASCIIFoldingFilterFactory", "preserveOriginal":true},
                    {"class":"solr.LowerCaseFilterFactory"},
                    {"class":"solr.NGramTokenizerFactory", "minGramSize":3 ,"maxGramSize":8}
                ]
            }
        },
        {
            "name":"bigText",
            "class":"solr.TextField",
            "indexAnalyzer":{
                "tokenizer":{
                    "class":"solr.StandardTokenizerFactory"
                },
                "filters":[
                    {"class":"solr.ASCIIFoldingFilterFactory", "preserveOriginal":true},
                    {"class":"solr.LowerCaseFilterFactory"},
                    {"class":"solr.NGramTokenizerFactory", "minGramSize":3 ,"maxGramSize":8},

                    {"class":"solr.ClassicFilterFactory"},
                    {"class":"solr.EnglishPossessiveFilterFactory"}

                ]
            },
            "queryAnalyzer":{
                "tokenizer":{
                    "class":"solr.StandardTokenizerFactory"
                },
                "filters":[
                    {"class":"solr.ASCIIFoldingFilterFactory", "preserveOriginal":true},
                    {"class":"solr.LowerCaseFilterFactory"},
                    {"class":"solr.NGramTokenizerFactory", "minGramSize":3 ,"maxGramSize":8},

                    {"class":"solr.ClassicFilterFactory"},
                    {"class":"solr.EnglishPossessiveFilterFactory"}

                    
                ]
            }
        }




    ],
    
    
    
    
    

             



    
    "add-field": [
        {
            "name": "name",
            "type": "itemNames",
            "indexed": true
        },
        {
            "name": "plaintext",
            "type": "bigText",
            "indexed": true
        },
        {
            "name": "tags",
            "type": "itemNames",
            "indexed": true
        }
    ]
    
}